old_value,corrected_eng,user_correction_flag
AAADMANE,aadmane,1
AAAINKAR,ainkar aainkar,1
AAARUSUL,aarusul,1
AABAD,,0
Aabaji,,0
AABALA,,0
AABANAVE,aabnave aabanave,1
AABAPKAR,,0
AABARE,aabre aabare,1
AABASAHEB,,0
AABAT,,0
AABAVNE,aabavane aabavne,1
AABDAR,,0
AABDI,,0
AABEDAKAR,aabedkar,1
AABEKAR,,0
AABESKAR,,0
AABHAGE,,0
Aabhale,,0
AABHANG,abhang,1
AABHIMANE,,0
AABHOLKAR,,0
AABHORE,,0
AABHRE,,0
AABHURE,,0
AABIDI,,0
AABNAVE,,0
AABORE,,0
AABRE,aabre aabare,1
AABREL,,0
AACAHARYA,aacharya,1
AACHADU,aachhadu,1
AACHALE,aachale aachle,1
AACHAMANI,aachamni,1
AACHANI,aachni,1
AACHARA,,1
AACHARE,,1
AACHAREKAR,,1
AACHARI,,1
AACHARIYA,,1
AACHARL,aacharya,1
AACHARN,aacharan,1
AACHARY,aacharya,1
AACHARYA,,1
AACHAYR,aacharya,1
Aachchara,,1
AACHCHHARA,,1
AACHEKAR,,1
AACHERAEKAR,aacheraykar,1
AACHEREKAR,aacherkar,1
AACHERKAR,,1
AACHHARYA,,1
Aachnol,aachnol,1
AACHOLKAR,,1
AACHRA,,1
AACHRE,,1
AACHREKAR,,1
AACHRTEKAR,aachartekar aachrekar,1
AACHRYA,aacharya,1
AACHY,,1
AADAGA,,1
AADAGALE,,1
AADAGANLE,,1
AADAGAYE,,1
AADAGLE,,1
AADAK,,1
AADAKE,,1
AADAL,,1
AADALE,,1
Aadalkar,,1
AADAM,adam,1
AADAMANE,aadamne aadamane adamane adamne,1
AADANE,aadne aadane,1
AADANGALE,adangale,1
AADANGLE,aadangle aadangale,1
AADARE,,
Aadarkar,,
Aadarniyara,,
Aadarsh,,
AADART,,
AADASOL,,
AADASULE,,
AADATE,,
AADAV,,
AADAVADE,,
AADAVIKAR,,
AADAVKAR,,
AADAVLE,,
AADAWADE,,
AADAWALE,,
Aadbal,,
AADBALE,,
AADBALLE,,
Aadbole,,
Aade,,
AADEEWAL,,
AADEKAER,,
AADEKAR,,
AADELKAR,,
AADEP,,
AADESH,,
AADEWAR,,
AADGA,,
AADGALE,,
AADGAUNAR,,
AADGAY,,
AADGE,,
AADHAL,,
AADHALAKE,,
AADHALE,,
AADHAM,,
AADHANE,,
Aadhangale,,
AADHAR,,
AADHARE,,
AADHARI,,
AADHAV,,
AADHE,,
Aadheli,,
AADHGALE,,
AADHIKARI,,
AADHOLE,,
AADHUL,,
AADHWE,,
AADI,,
AADIDEV,,
AADIDRAVIDAR,,
AADIDRVIDAR,,
AADIK,,
AADIKARI,,
AADIL,,
AADIMOOLAM,,
AADIMULAM,,
Aaditya,,
AADIVALE,,
Aadivarekar,,
AADIVARKAR,,
Aadivasi,,
AADIVREKAR,,
AADIWAL,,
AADIWALE,,
AADKALE,,
AADKAR,,
AADKE,,
AADKHALE,,
AADKHLE,,
Aadmane,,
AADNALA,,
Aadnya,,
AADOBE,,
AADOLE,,
Aadri,,
AADSAR,,
AADSARE,,
AADSOL,,
AADSUL,,
AADSULE,,
AADSUR,,
AADTANI,,
Aadthade,,
AADTHALE,,
AADU,,
AADUJA,,
AADUPARAMBIL,,
AADURR,,
AADVADE,,
AADVALE,,
AADVALKAR,,
AADVANI,,
AADVEDE,,
AADVIKAR,,
AADVILKAR,,
AADVIRKAR,,
AADWADE,,
AADWANI,,
Aaee,,
AAEIYAR,,
AAEP,,
AAER,,
Aafale,,
AAFATABUDDIN,,
AAFLE,,
AAFREEN,,
Aaftab,,
AAGA,,
AAGAH,,
AAGAJ,,
AAGALAVE,,
AAGALE,,
AAGAM,,
AAGAME,,
Aagane,,
AAGAR,,
AAGARAWAL,,
AAGARE,,
AAGARKAR,,
Aagashe,,
AAGASKAR,,
Aagate,,
AAGAVANE,,
AAGAVILE,,
AAGAVNE,,
AAGAWANE,,
AAGBOTE,,
AAGE,,
AAGEDKAR,,
AAGEEVALI,,
AAGESH,,
AAGHADE,,
AAGHAM,,
AAGHAMRA,,
Aaghan,,
AAGHARKAR,,
AAGHAV,,
Aaghicha,,
AAGI,,
AAGICHA,,
AAGIMI,,
AAGIVALA,,
AAGIVALE,,
AAGIVIE,,
AAGIWALE,,
AAGLAVE,,
Aaglawe,,
AAGLE,,
AAGME,,
AAGONDE,,
AAGRAE,,
AAGRAHARI,,
AAGRAHARL,,
AAGRAHI,,
AAGRAVAL,,
AAGRAVALA,,
AAGRAWAL,,
Aagre,,
AAGRHARI,,
AAGRI,,
AAGRWAL,,
AAGTE,,
AAGULE,,
AAGUNDE,,
AAGVAN,,
AAGVANE,,
AAGVEKAR,,
AAGVNE,,
AAGWANE,,
Aahad,,
AAHAIRE,,
AAHAMAD,,
AAHARE,,
AAHARI,,
AAHAVALE,,
AAHEMAD,,
AAHER,,
AAHERAO,,
AAHERE,,
AAHEREKAR,,
AAHERKAR,,
AAHERRAO,,
AAHERWAR,,
AAHIKHAR,,
AAHINAVE,,
AAHIR,,
AAHIRAO,,
Aahire,,
AAHIRRAO,,
AAHIRRAV,,
Aahirval,,
AAHIRWAR,,
AAHISRAO,,
AAHIVALE,,
AAHMAD,,
AAHUIJI,,
AAHUJA,,
Aahuji,,
AAHULE,,
AAHULI,,
AAHUZI,,
AAICH,,
AAICHAUDHARI,,
AAILANI,,
AAIMEDA,,
Aainkar,,
AAINULE,,
AAIR,,
AAIT,,
AAITHEBA,,
Aaivale,,
AAIZAZ,,
Aajagaonkar,,
AAJAGAVAKAR,,
AAJAGAVKAR,,
AAJAGE,,
AAJAGEKAR,,
AAJAM,,
AAJAMI,,
AAJARIVAL,,
AAJARLEKAR,,
AAJERI,,
AAJGACKAR,,
AAJGANVAKAR,,
AAJGAOCKAR,,
AAJGAOKAR,,
AAJGAONKAR,,
Aajgavankar,,
AAJGAVKAR,,
AAJGE,,
AAJGEKAR,,
AAJHGAONKAR,,
AAJHGAONNKAR,,
AAJITHOMAS,,
AAJJAAIN,,
AAJLEKAR,,
AAJMANI,,
AAJMANY,,
AAJMI,,
AAJMIRE,,
Aajnkar,,
AAJRUKIYA,,
AAJVILKAR,,
Aajyani,,
Aajyuram,,
AAKAAD,,
Aakandi,,
AAKARE,,
Aakash,,
Aakasha,,
AAKERAKAR,,
AAKERKAR,,
AAKHADE,,
AAKHADKAR,,
AAKHANDE,,
AAKHARE,,
AAKHONE,,
Aakhrilal,,
AAKHTAR,,
AAKKAPURAM,,
AAKODE,,
AAKODIA,,
AAKOLAKAR,,
AAKORE,,
AAKOSHAKAR,,
AAKPTRI,,
AAKRE,,
AAKSHE,,
AAKTE,,
AAKUDE,,
AAKUL,,
AAKULVAR,,
AAKWADE,,
AALAANDKAR,,
AALAGERA,,
AALAGI,,
AALAGUR,,
AALAHAT,,
Aalakunte,,
AALALE,,
AALAM,,
AALAMCHANDANI,,
AALAMDAR,,
AALAMKAR,,
AALAND,,
AALANDE,,
AALANDKAR,,
AALANE,,
AALANGE,,
Aalashi,,
AALASINGHANI,,
Aalat,,
Aalavane,,
AALAVE,,
AALAVI,,
AALAYV,,
AALDAR,,
AALDER,,
Aale,,
Aalee,,
AALEGAV,,
Aalekar,,
AALEKHANVAALA,,
AALET,,
AALETI,,
AALEVAR,,
AALGI,,
AALGIRI,,
AALHAAT,,
AALHAHAR,,
AALHAR,,
AALHAT,,
AALI,,
AALIM,,
AALIMAKAR,,
AALIMANI,,
Aalimkar,,
AALING,,
AALINGE,,
AALIYA,,
AALJI,,
AALKADAN,,
AALKKATATUR,,
AALLAND,,
AALLESARAV,,
AALLSANDE,,
AALMARE,,
Aalmaturutti,,
AALMCHANDANI,,
AALMEDA,,
AALMELAKAR,,
AALNKUTE,,
AALOK,,
Aaloo,,
Aaloysius,,
Aalsande,,
AALSE,,
AALSHI,,
AALSINGHANI,,
AALT,,
AALU,,
AALUR,,
Aalva,,
AALVE,,
AALWANI,,
AALYAP,,
Aamadaskar,,
Aamade,,
AAMAKAR,,
Aamale,,
AAMALIYA,,
AAMAME,,
AAMAN,,
AAMANDE,,
AAMANE,,
AAMANI,,
AAMAR,,
Aamare,,
AAMARKAR,,
AAMATE,,
AAMBADE,,
AAMBALE,,
AAMBALIYA,,
AAMBARE,,
AAMBARLE,,
AAMBASTHA,,
AAMBAT,,
AAMBATE,,
AAMBATKAR,,
Aambavade,,
AAMBAVAKAR,,
AAMBAVALE,,
AAMBAVANE,,
Aambavkar,,
AAMBAVNE,,
AAMBAWADE,,
AAMBDE,,
AAMBEADE,,
AAMBEDE,,
AAMBEDKAR,,
Aambegaonkar,,
AAMBEGAVE,,
AAMBEKAR,,
AAMBELAKAR,,
AAMBELKAR,,
AAMBERKAR,,
Aambeshinge,,
AAMBESINGH,,
AAMBESKAR,,
AAMBETKAR,,
AAMBHARE,,
AAMBHORE,,
AAMBHURE,,
AAMBIKAR,,
AAMBIKE,,
AAMBILKAR,,
Aamble,,
AAMBLIYA,,
AAMBOKAR,,
AAMBOLE,,
AAMBOLHKAR,,
Aambolkar,,
AAMBORE,,
AAMBRADKAR,,
AAMBRALE,,
AAMBRE,,
AAMBULAGE,,
AAMBULKAR,,
AAMBURE,,
AAMBURIE,,
AAMBUSKAR,,
AAMBVADE,,
AAMBVALE,,
AAMBVANE,,
AAMDANI,,
Aamdekar,,
Aamdoskar,,
AAMERA,,
AAMESAR,,
AAMGAONKAR,,
AAMGRE,,
AAMIE,,
AAMIL,,
AAMIN,,
AAMINI,,
Aamir,,
AAMKAR,,
AAMKARE,,
AAMLE,,
AAMNE,,
Aamodkar,,
AAMONDKAR,,
AAMONKAR,,
AAMRA,,
AAMRAALE,,
AAMRADKAR,,
AAMRAVAL,,
AAMRE,,
Aamriskar,,
AAMRUSKAR,,
AAMRUTE,,
AAMTE,,
AAN,,
AANACHAN,,
AANADA,,
AANADARAO,,
AANAHALE,,
AANAJLEKAR,,
AANAKOD,,
AANAM,,
AANAND,,
AANANDANI,,
AANANDE,,
AANANDRAO,,
Aanap,,
Aanas,,
AANBANEKARA,,
AANBARLE,,
AANBAVAKAR,,
AANBEKAR,,
AANBERKAR,,
AANBHORE,,
AANCGAN,,
Aanchal,,
AANCHAN,,
AANCHI,,
AANDAHGALE,,
AANDAHLE,,
AANDHADE,,
AANDHAGALE,,
AANDHALA,,
Aandhale,,
AANDHALKE,,
AANDHARE,,
AANDHE,,
AANDHLE,,
AANDORE,,
AANDRE,,
AANDURE,,
Aanekar,,
AANERAO,,
AANERAV,,
AANGACHEKAR,,
AANGADALLI,,
AANGAJ,,
AANGALEKAR,,
AANGANE,,
AANGARE,,
AANGAREE,,
AANGAVALKAR,,
AANGCHEKAR,,
AANGE,,
AANGENE,,
AANGLE,,
AANGNE,,
AANGODE,,
AANGRAK,,
AANGRAKH,,
AANGRAKHE,,
AANGRE,,
AANGREK,,
AANIMI,,
AANJALEKAR,,
AANJANKAR,,
AANJARLEKAR,,
AANKHE,,
AANNAMALAI,,
AANNDE,,
AANPAN,,
AANPAT,,
AANSARI,,
AANTARI,,
AANUBAVNE,,
AANURAO,,
AANUTE,,
AANWANI,,
AANYA,,
AAOHAL,,
AAPAGE,,
AAPANKAR,,
AAPATE,,
AAPATEKAR,,
AAPDIN,,
AAPGUNDE,,
AAPKAR,,
AAPKARI,,
AAPKE,,
AAPNDKAR,,
AAPOTIKAR,,
AAPPAN,,
AAPPATHANETH,,
AAPTE,,
AAPTEKAR,,
AAPTKAR,,
AAPUKUTTAN,,
AAPUT,,
AAQIB,,
AAR,,
AARA,,
AARAB,,
AARADE,,
AARADHE,,
AARADHI,,
AARADHYA,,
AARADWAD,,
AARAGA,,
Aaragade,,
AARAGEKAR,,
AARAI,,
AARAJ,,
AARAK,,
AARAKA,,
AARAKADE,,
AARAKE,,
AARAKH,,
Aarakvanshi,,
AARALE,,
AARAMBHI,,
AARAMUGAMPADACHI,,
AARAMUGAT,,
AARANA,,
AARANAKE,,
Aarane,,
AARANJO,,
AARANKE,,
AARAS,,
AARASAN,,
AARASIWALA,,
AARASULE,,
AARAT,,
AARATI,,
AARAVADEKAR,,
AARAVAKAR,,
AARAVKAR,,
AARAWADE,,
AARBE,,
AARBOLE,,
Aarchari,,
AARCHARYA,,
Aardalkar,,
AARDAVAD,,
AARDE,,
AARDEKAR,,
AARDHAPURE,,
AARDVAD,,
AARE,,
AAREKAR,,
AARENKAR,,
AARENKARI,,
AARENKERI,,
AARETHIA,,
AARETHITA,,
AARETHIVA,,
AARETHIYA,,
AAREY,,
AARGA,,
AARGADE,,
AARI,,
AARIAPPAN,,
AARIGA,,
AARIGE,,
AARIK,,
AARIKAR,,
Aarivalagan,,
AARIVALE,,
AARIWALA,,
Aariwale,,
AARJENAS,,
AARK,,
AARKADE,,
AARKAND,,
Aarkar,,
AARKATE,,
AARKAY,,
Aarke,,
AARKERI,,
AARKETI,,
AARKH,,
AARKHADE,,
AARKHE,,
AARKILLA,,
AARKKAL,,
AARKOT,,
AARLEKAR,,
Aarmethe,,
AARMUGAM,,
AARMUGAN,,
AARMUGHAM,,
AARMULYA,,
AARMUR,,
Aarne,,
AARNHA,,
AARNI,,
AAROLAKAR,,
AAROLE,,
AAROLEKAR,,
AAROLKAR,,
AAROLKR,,
Aarondekar,,
AARONS,,
AAROSKAR,,
Aarote,,
AARPADAKAR,,
AARPATKAR,,
AARSAN,,
AARSHID,,
AARSIWALA,,
AARSOLE,,
AARSUL,,
AARSULE,,
Aart,,
AARTE,,
Aarti,,
AARTWANI,,
AARU,,
AARUDE,,
AARUMUGAM,,
AARUN,,
AARUSUL,,
AARUTE,,
AARVADE,,
Aarvat,,
AARVENDKAR,,
AARVIND,,
AARWADE,,
AARWEL,,
AARY,,
AARYA,,
AARYAL,,
AARYAN,,
AARYAWANSH,,
Aarymane,,
AAS,,
AASA,,
AASABE,,
AASADE,,
AASADEV,,
AASADHU,,
AASADI,,
AASAGI,,
Aasai,,
AASAJI,,
AASALAK,,
AASAMANI,,
AASAMI,,
AASAN,,
AASANGI,,
AASANI,,
AASANKAR,,
AASAR,,
AASARE,,
AASARI,,
AASARIVT,,
AASARL,,
AASARNI,,
AASATKAR,,
AASAVA,,
Aasavale,,
AASAVANI,,
AASAVLE,,
AASAWALE,,
AASAWANDE,,
AASBE,,
AASEEM,,
AASERI,,
Aasgaonkar,,
Aasgekar,,
Aash,,
Aasha,,
Aashabi,,
Aashade,,
AASHAN,,
Aashani,,
AASHANNA,,
AASHAPE,,
AASHAPPA,,
AASHAR,,
AASHAVALI,,
Aashik,,
Aashiki,,
AASHILKAR,,
AASHINKAR,,
AASHIRVADAM,,
Aashish,,
Aashishkumar,,
AASHODA,,
AASHRA,,
AASHRAFIYA,,
AASHRE,,
Aashrit,,
AASHTIKAR,,
AASHTURE,,
Aashturkar,,
AASHUTOSH,,
AASIF,,
AASIJA,,
AASIM,,
Aasiya,,
AASKARAN,,
AASLE,,
AASLYA,,
Aasma,,
AASMANI,,
AASMI,,
Aasnani,,
AASOD,,
AASOJAKAR,,
AASOKAR,,
AASOLAKAR,,
Aasole,,
AASOLKAR,,
AASOPA,,
AASRANI,,
AASRE,,
Aastiya,,
AASUDANI,,
AASULKAR,,
AASVALE,,
Aasvani,,
AASWADE,,
AASWANI,,
AASWEKAR,,
AATAK,,
AATAKAN,,
AATAKARE,,
AATAKE,,
AATALE,,
AATAR,,
AATARWANI,,
AATAVE,,
AATAVLE,,
AATE,,
AATEKAR,,
AATESHERI,,
AATHA,,
AATHALE,,
AATHALEKAR,,
Aathalye,,
Aathanere,,
AATHARE,,
AATHAV,,
AATHAVAL,,
AATHAVALE,,
Aathavane,,
AATHAVLE,,
AATHAWALE,,
AATHAWLE,,
AATHE,,
AATHIF,,
AATHIYA,,
AATHLE,,
AATHLEKAR,,
AATHLYE,,
AATHV,,
AATHVALE,,
Aathve,,
AATHVLE,,
Aathwal,,
AATHWALE,,
AATISHKHAN,,
AATKADE,,
AATKAR,,
AATKARI,,
AATKARTE,,
Aatke,,
AATKIRE,,
AATKURE,,
AATKURI,,
AATMAJ,,
AATMARAMANI,,
AATMASHIDHA,,
AATOLE,,
AATORE,,
AATPADKAR,,
AATPAKAR,,
AATPALKAR,,
AATRAM,,
AATREYA,,
AATRI,,
AATSHERI,,
AATTAAR,,
AATTAR,,
AATTARDE,,
AATTTAR,,
AATUGADE,,
AATUKE,,
AAU,,
AAUCHAMAL,,
AAUCHAR,,
AAUCHARE,,
AAUCHARMAL,,
Aaugi,,
AAUIJI,,
AAUJEE,,
Aauji,,
AAULE,,
AAULI,,
AAULIVAR,,
AAUSARAKAR,,
Aausarmal,,
AAUTADE,,
AAUTAR,,
AAUTE,,
AAUTI,,
AAUWAR,,
AAVAARE,,
AAVACHAR,,
AAVAD,,
AAVADAN,,
AAVADE,,
Aavadhani,,
AAVAHAD,,
AAVAJI,,
AAVAL,,
AAVALA,,
AAVALE,,
Aavaleganvkar,,
AAVALEGAONKAR,,
AAVALEGAVKAR,,
AAVALGIRI,,
AAVALIYA,,
AAVALOLU,,
AAVANDGE,,
AAVAR,,
AAVARE,,
Aavari,,
AAVASTHI,,
Aavatade,,
AAVATANI,,
AAVATE,,
AAVATI,,
Aavazi,,
AAVCHAR,,
AAVDE,,
AAVERE,,
Aavesh,,
AAVHAD,,
AAVHADE,,
AAVHALAGE,,
AAVHAT,,
AAVHATH,,
Aavid,,
AAVIE,,
Aavji,,
AAVKIKAR,,
AAVLASKAR,,
AAVLE,,
AAVLEGAONKAR,,
AAVLEGAVKAR,,
AAVLOK,,
AAVNURI,,
Aavore,,
AAVRADE,,
AAVRE,,
AAVSAR,,
AAVSARE,,
AAVSARMOL,,
AAVSEKAR,,
AAVTADE,,
AAVTE,,
AAVTI,,
AAVULU,,
AAWAALE,,
AAWADAN,,
Aawade,,
AAWAHAD,,
AAWAHD,,
AAWALE,,
AAWAR,,
AAWARE,,
AAWARI,,
AAWARL,,
AAWARSEKAR,,
AAWASARE,,
AAWASKAR,,
AAWASTHI,,
AAWATE,,
AAWERE,,
AAWGHADE,,
AAWHAD,,
AAWLE,,
AAWODE,,
AAWTE,,
G KRISHNAN,,
G.,,
G.K,,
GA,,
GAAANGAN,,
GAAD,,
GAADA,,
GAADE,,
Gaadee,,
GAADEKAR,,
GAAGAN,,
GAAGANI,,
Gaagat,,
GAAGDE,,
GAAGRE,,
GAAGUDE,,
GAAGULE,,
GAAGULI,,
GAAGUNRDE,,
GAAGURDE,,
GAAIND,,
Gaajare,,
GAAJRE,,
GAAL,,
Gaala,,
GAALI,,
GAALIM,,
GAALL,,
Gaan,,
GAANAR,,
GAANGAN,,
Gaangankar,,
GAANGARKAR,,
Gaangole,,
Gaangurde,,
GAANGURE,,
GAANU,,
GAARDI,,
GAARE,,
GAAT,,
GAAVADE,,
GAAVANDE,,
Gaavit,,
GAAVKAR,,
GAAWAI,,
GAAWAS,,
GAAWDE,,
GAAWRU,,
GAAYGOLE,,
GAAYKAR,,
GAAYKWAD,,
GABA,,
GABADA,,
GABADE,,
GABAKHADAKAR,,
GABALA,,
GABALE,,
GABALI,,
GABALL,,
GABANI,,
GABAR,,
GABARA,,
GABARAIL,,
GABARE,,
GABARIYA,,
GABARLYA,,
GABBULAL,,
GABBUR,,
GABBURE,,
GABDA,,
GABE,,
GABEJA,,
GABERA,,
GABGOTRA,,
GABHA,,
GABHAE,,
GABHAI,,
GABHALE,,
GABHALO,,
GABHANE,,
GABHANI,,
GABHARANI,,
GABHARE,,
GABHASE,,
GABHE,,
GABHEJA,,
GABHIMRAO,,
GABHINR,,
GABHINRARAV,,
GABHIRAO,,
GABHIRARAV,,
GABHIRAV,,
GABHIRE,,
GABHNE,,
GABHRANI,,
GABIRARAV,,
GABIT,,
GABRA,,
GABRANI,,
GABREIL,,
GABRIA,,
GABRIAL,,
GABRIEL,,
GABRIYA,,
GABULAL,,
GACCHE,,
GACD,,
GACHAIT,,
GACHAKE,,
GACHANDE,,
GACHCHE,,
GACHCHHE,,
Gachchi,,
GACHE,,
GACHERAI,,
GACHERIA,,
Gachhayat,,
GACHHE,,
GACHI,,
GACHKE,,
GACKAR,,
GACNKAR,,
GAD,,
GADA,,
Gadaa,,
GADAAKANDALU,,
GADAAPAKAR,,
GADAASHI,,
GADABALE,,
GADABHIK,,
GADAD,,
GADADAHEKARI,,
GADADAKI,,
GADADARE,,
GADADAS,,
GADADAUR,,
GADADAVAR,,
GADADE,,
Gadadhare,,
GADADHE,,
GADADI,,
GADADM,,
GADADOR,,
GADADVARU,,
GADAE,,
GADAG,,
GADAGALLI,,
GADAGANVAKAR,,
Gadage,,
GADAGI,,
GADAGIL,,
GADAGILE,,
GADAGKAR,,
GADAGLL,,
GADAGLLE,,
GADAGOLI,,
GADAGOLL,,
GADAGUL,,
GADAHIRE,,
GADAHRI,,
Gadai,,
GADAIJI,,
GADAIL,,
GADAIVAL,,
GADAIWAL,,
GADAK,,
GADAKADI,,
GADAKANDLU,,
GADAKAR,,
GADAKARAVALA,,
GADAKARI,,
GADAKE,,
GADAKH,,
GADAKIM,,
GADAKR,,
GADAKUNDALU,,
GADAKUSH,,
GADAL,,
GADALA,,
GADALE,,
GADALIG,,
GADALING,,
GADALKAR,,
GADALL,,
GADAM,,
GADAMADE,,
GADAMALE,,
GADAMALLU,,
GADAMBE,,
GADAMEL,,
GADAMELIU,,
GADAMENDI,,
GADAMI,,
GADAMIDI,,
GADAMINI,,
GADAMOLLU,,
GADAMSETTY,,
GADAN,,
GADANANI,,
GADANE,,
GADANI,,
GADANIS,,
GADANKAR,,
GADANKUSH,,
GADAPAKAR,,
GADAPAL,,
GADAPALE,,
GADAPAYALE,,
GADAPKAR,,
GADAPPA,,
GADAR,,
GADARAO,,
GADARAPU,,
GADARE,,
GADARGALA,,
GADARI,,
GADARIA,,
GADARIYA,,
GADASANDA,,
GADASE,,
GADASHI,,
GADASURE,,
GADATI,,
GADATKAR,,
GADAVAKAR,,
GADAVAL,,
GADAVANI,,
GADAVE,,
GADAVI,,
GADAWALI,,
GADAWALL,,
GADAWE,,
GADAY,,
GADBADE,,
GADBALE,,
GADBALI,,
GADBE,,
GADD,,
GADDA,,
GADDAD,,
GADDADA,,
GADDADAVARA,,
Gaddala,,
GADDAM,,
GADDAMEEDI,,
GADDAMI,,
GADDAMIDI,,
GADDAMULIU,,
GADDAMVAR,,
GADDAMWAR,,
GADDAPAVAR,,
GADDAPAWAR,,
GADDARE,,
GADDATA,,
GADDAUR,,
GADDE,,
Gaddemane,,
GADDETI,,
GADDHE,,
GADDHORE,,
GADDI,,
GADDIDHODULA,,
Gaddidhodulu,,
Gaddighodulu,,
Gaddiwaddar,,
GADDM,,
GADDOR,,
Gaddpawar,,
GADDU,,
GADDUM,,
Gade,,
GADED,,
GADEGAOKAR,,
GADEGAVAKAR,,
GADEGAVKAR,,
GADEGE,,
GADEKAR,,
Gadela,,
GADELOHAR,,
GADELU,,
GADEMEDI,,
GADEMIDI,,
GADEMITI,,
GADEN,,
Gadepalli,,
GADERAO,,
GADERLYA,,
GADESHA,,
GADESHI,,
GADESHWAR,,
GADETI,,
GADETTI,,
GADEVAL,,
GADEVAR,,
GADEWAL,,
GADEWAR,,
GADGADE,,
GADGE,,
GADGEKAR,,
Gadgi,,
GADGIL,,
GADGIL GADGIL,,
GADGILI,,
GADGIRE,,
GADGL,,
GADGLIL,,
GADGLL,,
GADGO,,
GADGOLI,,
GADGUL,,
GADGULE,,
GADH,,
GADHA,,
GADHADARAN,,
GADHADE,,
GADHAGE,,
GADHAHARI,,
GADHAI,,
GADHAIVAL,,
GADHALE,,
GADHAN,,
GADHANE,,
GADHANI,,
GADHARE,,
Gadhari,,
GADHARL,,
GADHAV,,
GADHAVAL,,
GADHAVANI,,
GADHAVE,,
GADHAVI,,
GADHAWAL,,
GADHAWE,,
GADHAWVI,,
GADHDAL,,
GADHDE,,
GADHDHA,,
GADHE,,
GADHECHA,,
Gadhekar,,
GADHER,,
GADHEWAL,,
GADHGE,,
GADHI,,
GADHIA,,
GADHIGAVKAR,,
GADHIKAR,,
Gadhinglajkar,,
GADHIR,,
GADHIRE,,
Gadhiya,,
Gadhre,,
GADHRI,,
GADHSHI,,
GADHVE,,
GADHVI,,
Gadhwal,,
GADHWALA,,
GADHWALLA,,
GADHWE,,
GADHYAN,,
GADI,,
GADIA,,
GADIAVAL,,
GADICH,,
GADICHERLA,,
GADIG,,
GADIGAL,,
GADIGANVAKAR,,
GADIGANVKAR,,
Gadigaonkar,,
GADIGAVAKAR,,
GADIGAVKAR,,
GADIGE,,
Gadighavkar,,
GADIHARE,,
GADIKAR,,
GADIKOTI,,
GADILA,,
Gadilkar,,
GADILODAR,,
GADILOHAR,,
Gadimadi,,
GADIMIDI,,
GADIPALLI,,
GADIPE,,
GADIPELL,,
GADIPELLY,,
GADIT,,
GADIVADAR,,
Gadivaddar,,
GADIVAL,,
GADIVALA,,
GADIVALE,,
GADIVAR,,
GADIWADDAR,,
Gadiwal,,
GADIWALA,,
GADIWALE,,
GADIWALI,,
GADIWAN,,
GADIYA,,
GADIYAK,,
GADIYALI,,
GADIYALL,,
GADIYAR,,
GADKAR,,
GADKARI,,
GADKARL,,
GADKARY,,
GADKHA,,
GADLA,,
GADLE,,
GADLEY,,
GADLIK,,
GADLING,,
GADM,,
GADMADE,,
GADMAKE,,
GADMALE,,
GADMBE,,
GADME,,
GADMEDI,,
GADMIDI,,
GADNKER,,
GADODIA,,
GADODIYA,,
GADOP,,
GADOYA,,
GADPAKAR,,
GADPAL,,
GADPALE,,
GADPAYALE,,
GADPAYLE,,
GADPKAR,,
GADRADU,,
GADRANI,,
GADRE,,
GADRI,,
GADRRE,,
GADRYAR,,
GADSANDA,,
GADSHI,,
GADSING,,
GADSINGH,,
Gadtam,,
GADTKAR,,
GADU,,
GADUDI,,
GADUGALE,,
GADUGLE,,
GADUKALE,,
GADUM,,
GADUMOLLU,,
GADUMVAR,,
GADUNGE,,
GADUPAKAR,,
GADVALKAR,,
GADVE,,
GADVI,,
GADVIR,,
GADWAL,,
GADWALA,,
Gadwale,,
GADWANI,,
GADWAY,,
GADWE,,
GADWVI,,
Gae,,
GAEDAKE,,
GAEDHALI,,
GAEJAGE,,
GAEKAR,,
Gaekwad,,
GAEKWAR,,
GAENSHAN,,
GAFALE,,
GAFAR,,
GAFARAL,,
GAFARE,,
GAFFAR,,
GAFFARALI,,
GAFFOOR,,
GAFFUR,,
GAFOOR,,
GAFUR,,
GAFURASHAHA,,
GAFURKHAN,,
Gaga,,
GAGAANI,,
GAGAD,,
GAGADA,,
GAGADE,,
GAGADIYA,,
GAGAKAVAD,,
GAGAL,,
GAGAN,,
GAGANADEV,,
GAGANAGRAM,,
GAGANANI,,
GAGAND,,
GAGANE,,
GAGANGRAS,,
GAGANI,,
GAGANIGALA,,
GAGANIMALLA,,
Gagankumar,,
GAGANNATH,,
GAGANR,,
GAGANRDE,,
GAGANT,,
GAGANTRA,,
GAGANVAD,,
GAGANVANE,,
GAGANVANI,,
GAGANWANI,,
GAGAR,,
GAGARADE,,
GAGARAI,,
GAGARAL,,
GAGARAM,,
Gagarani,,
GAGARE,,
Gagarkar,,
GAGASAGAR,,
Gagat,,
GAGAVANE,,
GAGAVANI,,
GAGAWANE,,
GAGAWANI,,
GAGBHIME,,
GAGDANI,,
GAGDE,,
GAGE,,
GAGER,,
GAGGAD,,
GAGGAR,,
GAGHA,,
GAGHANI,,
GAGHANT,,
GAGHAT,,
GAGIL,,
Gagine,,
GAGIRDAR,,
GAGIYA,,
GAGLANI,,
GAGNANI,,
GAGNDHAR,,
GAGNEJA,,
GAGNWAD,,
GAGODA,,
GAGOMAN,,
GAGORE,,
GAGRA,,
GAGRAL,,
GAGRANI,,
GAGRE,,
GAGRI,,
GAGUDAL,,
GAGUDHA,,
GAGUL,,
GAGUNDE,,
GAGUNDRE,,
GAGUNLI,,
GAGUNRDE,,
GAGURDE,,
GAGURDU,,
GAGUTRE,,
Gagvale,,
GAGVANI,,
GAGVE,,
GAGVEKAR,,
GAGWANE,,
GAGWANI,,
GAHA,,
GAHAD,,
GAHADAULE,,
GAHADI,,
GAHALA,,
GAHALAUT,,
GAHALE,,
GAHALET,,
GAHALOT,,
GAHAMMAD,,
GAHAN,,
GAHANAKARI,,
GAHANAVALA,,
GAHANDULE,,
GAHANE,,
GAHANI,,
GAHANOLIYA,,
GAHARWAL,,
GAHARWAR,,
Gaharwr,,
GAHCHAND,,
GAHDGE,,
GAHDIGAOKAR,,
GAHDIGAVKAR,,
GAHEJA,,
GAHELOT,,
Gahelya,,
GAHERA,,
GAHERVAR,,
GAHERWAR,,
GAHG,,
GAHGWANI,,
GAHIDE,,
GAHILOD,,
GAHINE,,
GAHIRAVAL,,
GAHIRE,,
GAHIRWAL,,
GAHLA,,
GAHLANI,,
GAHLE,,
GAHLOT,,
GAHLOTH,,
Gahnolia,,
GAHRAT,,
GAHRE,,
GAHTORI,,
GAHUKAMBALE,,
GAHUKAMBLE,,
GAHUKAR,,
GAHUWALA,,
GAHVANE,,
GAI,,
GAIAKWAD,,
GAIAR,,
GAIBEE,,
GAIBES,,
GAIBI,,
Gaichan,,
Gaichand,,
GAICHAR,,
GAICHOR,,
GAICHORE,,
GAID,,
GAIDA,,
GAIDHANE,,
Gaidhani,,
GAIDHANKAR,,
GAIDHU,,
GAIDOLE,,
GAIDWAD,,
GAIDWADDAR,,
GAIEKWAD,,
GAIGA,,
GAIGADE,,
GAIGAVALE,,
GAIGAWAD,,
GAIGAWALE,,
GAIGAWALI,,
GAIGAWALL,,
GAIGAWH,,
GAIGAWLE,,
Gaigawli,,
GAIGERDAR,,
GAIGOL,,
GAIGOLE,,
GAIHACHAND,,
GAIIKWAD,,
GAIJD,,
GAIJIYANI,,
GAIJJAR,,
GAIJLA,,
GAIJRE,,
GAIKAD,,
GAIKAE,,
GAIKAER,,
GAIKAIWARI,,
GAIKANE,,
Gaikar,,
GAIKAVAD,,
GAIKAVADA,,
Gaikawad,,
GAIKAWD,,
GAIKAWDA,,
GAIKAYWAD,,
GAIKDAW,,
GAIKE,,
GAIKEAD,,
GAIKHE,,
GAIKKWAD,,
GAIKVAD,,
Gaikwad,,
Gaikwada,,
GAIKWADE,,
GAIKWADI,,
Gaikwaid,,
Gaikwar,,
GAIKWARD,,
GAIKWD,,
GAIKWDA,,
GAIKWEAD,,
GAIKWED,,
GAIL,,
GAILAD,,
GAILANI,,
GAILAYA,,
Gaile,,
GAILKAR,,
GAILKWAD,,
GAILOT,,
Gailwad,,
GAIMA,,
GAIN,,
GAINANI,,
GAINCHANDANI,,
GAIND,,
Gaindhani,,
GAINE,,
GAINGADE,,
GAIR,,
GAIRA,,
GAIRAKHE,,
GAIRAL,,
GAIRALA,,
GAIRAY,,
GAIRE,,
GAIROL,,
Gairola,,
GAIRULLA,,
GAIRY,,
GAISAMDURE,,
GAISAMUDRE,,
GAISER,,
GAIT,,
GAITAM,,
GAITARAK,,
GAITNODE,,
GAITONDE,,
GAIUDA,,
GAIUS,,
GAIVAD,,
GAIWAD,,
GAIWADHA,,
GAIWAL,,
Gaiwala,,
GAIWALE,,
GAIWALKAR,,
GAIWKAD,,
GAIWKAWAD,,
GAIWKWAD,,
GAIYAKAWAD,,
GAIYAKKWAD,,
GAIYAKWAD,,
GAIYARAL,,
GAIYAWAD,,
GAIYKVAD,,
GAIYKWAD,,
GAIYWAD,,
GAJ,,
GAJA,,
GAJABARE,,
GAJABE,,
GAJABHANI,,
GAJABHAR,,
GAJABHARE,,
GAJABHISE,,
GAJABHIV,,
GAJABHIY,,
GAJABHIYAE,,
GAJABHIYE,,
GAJABHLY,,
GAJABID,,
GAJABIHA,,
GAJABIR,,
GAJABLY,,
GAJABU,,
GAJADANE,,
GAJADHANE,,
GAJADHAT,,
GAJADIWAR,,
GAJAGE,,
GAJAGHANE,,
GAJAGHAT,,
GAJAGI,,
GAJAGIL,,
GAJAHANS,,
GAJAI,,
GAJAKAL,,
GAJAKAS,,
GAJAKASH,,
GAJAKOJ,,
GAJAKOM,,
GAJAKOP,,
GAJAKOS,,
GAJAKOSH,,
GAJAKROS,,
GAJAKUNSH,,
GAJAKUSH,,
GAJAL,,
GAJALA,,
GAJALAGODAM,,
GAJALALLO,,
GAJALAMA,,
GAJALAPPA,,
GAJALE,,
GAJALESHVAR,,
GAJALESHWAR,,
GAJALI,,
GAJALLAGUDAM,,
GAJALOLU,,
GAJALU,,
GAJAM,,
GAJAMAL,,
GAJAMIYE,,
GAJANAKUSH,,
GAJANAN,,
GAJANE,,
GAJANESATAVIDAKAR,,
GAJANGI,,
GAJANI,,
GAJANKAR,,
GAJANKOSH,,
GAJANKUSH,,
Gajankushna,,
GAJAPAK,,
GAJAPAKA,,
GAJAPATHY,,
GAJAPKAR,,
GAJAPURE,,
GAJAR,,
GAJARA,,
GAJARAGAVAKAR,,
GAJARAJ,,
GAJARAKAR,,
GAJARALA,,
GAJARALAVAR,,
GAJARAMAL,,
GAJARANI,,
Gajare,,
GAJARGAONKAR,,
GAJARIA,,
GAJARIYA,,
GAJARJ,,
GAJARKAR,,
Gajarla,,
GAJARLYA,,
GAJARMAL,,
GAJARUSHI,,
GAJARVALA,,
GAJARWALA,,
GAJASAKANDH,,
GAJAVANI,,
GAJAVARE,,
GAJAVATE,,
GAJAVE,,
GAJAWANI,,
Gajbar,,
GAJBARE,,
GAJBE,,
Gajbhaiye,,
GAJBHAR,,
GAJBHARE,,
GAJBHARG,,
GAJBHAYE,,
GAJBHIA,,
GAJBHIJE,,
GAJBHIV,,
GAJBHIVE,,
GAJBHIYA,,
GAJBHIYE,,
GAJBHYE,,
GAJBIHA,,
GAJBIR,,
GAJBIYE,,
GAJDALE,,
GAJDANE,,
GAJDHANE,,
Gaje,,
GAJEBA,,
GAJEGI,,
GAJELE,,
GAJELI,,
GAJELL,,
GAJELLI,,
GAJENDRA,,
GAJENDRAGAD,,
GAJENDRAGADAKAR,,
GAJENDRAGADKAR,,
GAJENDRAJADAR,,
GAJENDRAKAR,,
GAJENDRAKER,,
GAJENDRAKUMAR,,
GAJENGL,,
GAJER,,
Gajera,,
GAJERAHI,,
GAJERALWAR,,
GAJESHVAR,,
GAJESHWAR,,
GAJEVAR,,
GAJEWAR,,
GAJFODE,,
Gajgaonkar,,
GAJGE,,
GAJGHARE,,
GAJGHAT,,
GAJGHATE,,
GAJHANS,,
GAJHATE,,
GAJHI,,
GAJHIYANI,,
Gaji,,
GAJIBHIYE,,
GAJIBOHAR,,
GAJILA,,
GAJILE,,
GAJINAKAR,,
GAJING,,
GAJINKAR,,
GAJIPARA,,
GAJIPUR,,
GAJIPURA,,
GAJIPURWALA,,
GAJIR,,
GAJIRE,,
GAJIYA,,
GAJIYALI,,
GAJIYALL,,
GAJIYANI,,
GAJJALA,,
GAJJALL,,
GAJJALLA,,
GAJJALWAR,,
GAJJAR,,
GAJJARE,,
GAJJELLI,,
GAJJEVOR,,
GAJJEWAR,,
GAJJI,,
GAJJIRVAR,,
GAJJIVAR,,
GAJKAL,,
GAJKODE,,
GAJKOSH,,
Gajkoshi,,
GAJLA,,
GAJLESHWAR,,
GAJLLE,,
Gajlolu,,
GAJLU,,
GAJMAL,,
Gajmer,,
GAJNAGI,,
GAJNE,,
GAJNI,,
GAJNIFAR,,
GAJOHAR,,
GAJOHARE,,
GAJORA,,
GAJORI,,
Gajphode,,
GAJPURE,,
GAJRA,,
GAJRAE,,
GAJRAJ,,
GAJRAKOSH,,
GAJRAL,,
GAJRAM,,
GAJRANI,,
GAJRE,,
GAJRIA,,
GAJRIYA,,
GAJRMAL,,
GAJUL,,
GAJULA,,
GAJULLA,,
GAJULWAR,,
GAJUNNANA,,
GAJVA,,
GAJVANI,,
GAJVE,,
GAJWAIN,,
GAJWANI,,
GAJZAP,,
GAKAD,,
GAKAR,,
GAKAVAD,,
GAKAWAD,,
GAKE,,
GAKHAR,,
GAKHE,,
GAKHOL,,
GAKKWAD,,
GAKRE,,
GAKS,,
GAKVAD,,
GAKWAD,,
GAL,,
GALAANDE,,
GALAANKE,,
GALABE,,
GALABELA,,
GALABHAI,,
GALABHAIVALA,,
